{"train/Soundscape_ROCAUC":0.4952623248100281,"train_loss":0.6309419671694437,"_wandb":{"runtime":1671},"train/Soundscape_cMAP":0.5027065873146057,"train/learning_rate":2.0833333333333334e-06,"train/valid_loss":0.728574275970459,"total_flos":0,"train/global_step":72,"train/Soundscape_loss":0.9869617223739624,"train/valid_steps_per_second":0.218,"train/Soundscape_runtime":428.7797,"_runtime":1671.51711816,"train/valid_cMAP":0.4632532596588135,"train_samples_per_second":3.666,"train/Soundscape_steps_per_second":0.238,"_step":11,"train_runtime":1242.6283,"train/epoch":1,"train/valid_samples_per_second":6.858,"train/loss":0.5852,"_timestamp":1.775498898354034e+09,"train/grad_norm":15.622611045837402,"train/valid_ROCAUC":0.4471544623374939,"train_steps_per_second":0.058,"train/valid_runtime":284.769,"train/Soundscape_samples_per_second":7.589}