{"train/learning_rate":2.5e-05,"_step":2,"train/Soundscape_loss":0.7052859663963318,"train_loss":0.6771526601579454,"_wandb":{"runtime":268},"train/global_step":18,"_runtime":267.680330993,"train_steps_per_second":0.118,"train/epoch":1,"train/grad_norm":9.400043487548828,"train/Soundscape_samples_per_second":7.026,"train/loss":0.6807,"_timestamp":1.7754482824011343e+09,"train/Soundscape_runtime":115.5704,"train/Soundscape_steps_per_second":0.225,"total_flos":0,"train_samples_per_second":7.473,"train_runtime":152.0216,"train/Soundscape_ROCAUC":0.43451517820358276,"train/Soundscape_cMAP":0.46230560541152954}