{"train/valid_cMAP":0.5195643901824951,"train/valid_steps_per_second":0.19,"train/valid_samples_per_second":5.972,"train/Soundscape_runtime":225.966,"total_flos":0,"_step":5,"train/grad_norm":10.867864608764648,"_timestamp":1.7754571661992528e+09,"train_loss":0.6692032019297282,"train/Soundscape_ROCAUC":0.6327642202377319,"train/Soundscape_loss":0.7080638408660889,"train/Soundscape_cMAP":0.5826939344406128,"train_steps_per_second":0.083,"train_runtime":433.8926,"_wandb":{"runtime":660},"train/valid_loss":0.7012588977813721,"train/valid_runtime":163.4185,"_runtime":659.94890254,"train/global_step":36,"train/learning_rate":9.722222222222223e-06,"train/Soundscape_samples_per_second":7.196,"train/loss":0.6578,"train/valid_ROCAUC":0.5340268611907959,"train/epoch":1,"train/Soundscape_steps_per_second":0.226,"train_samples_per_second":5.246}