{"train/valid_steps_per_second":0.22,"train_loss":0.6402778956625197,"train/valid_loss":0.7165136337280273,"train/loss":0.6057,"_timestamp":1.775502793366545e+09,"train/Soundscape_samples_per_second":7.762,"train/grad_norm":12.659685134887695,"train/valid_cMAP":0.44873785972595215,"train/learning_rate":2.0833333333333334e-06,"train/Soundscape_ROCAUC":0.5121446847915649,"train/epoch":1,"train/valid_ROCAUC":0.4247357249259949,"total_flos":0,"train/Soundscape_runtime":419.2321,"train_runtime":1237.2745,"train/global_step":72,"train/Soundscape_cMAP":0.531050443649292,"train/valid_samples_per_second":6.937,"train/Soundscape_steps_per_second":0.243,"_step":11,"train_steps_per_second":0.058,"_wandb":{"runtime":1657},"_runtime":1656.59061205,"train/valid_runtime":281.5417,"train_samples_per_second":3.681,"train/Soundscape_loss":1.5631247758865356}